MAE,MSE,R^2,MAPE,file_name
102.6021432051282,10847.91037972809,-11.237892196555924,232.37149307208975,predD128L20N10_BatchSize_44_epochs_20_Balance.csv
