MAE,MSE,R^2,MAPE,file_name
17.23019982051282,435.34236740852316,0.13890822632736388,49.80269425174908,pred_BatchSize_15_epochs_14_Resyn2.csv
169.29556692307696,29166.5592113642,-56.69042042185085,489.33706198861626,pred_BatchSize_16_epochs_14_Resyn2.csv
